{
  "accuracy": 0.8974358974358975,
  "precision": 0.9310344827586207,
  "recall": 0.9310344827586207,
  "f1_score": 0.9310344827586207,
  "sensitivity": 0.9310344827586207,
  "specificity": 0.8,
  "positive_predictive_value": 0.9310344827586207,
  "negative_predictive_value": 0.8,
  "false_positive_rate": 0.2,
  "false_negative_rate": 0.06896551724137931,
  "roc_auc": 0.9620689655172414,
  "average_precision": 0.9873539856893006,
  "diagnostic_odds_ratio": 54.0,
  "confusion_matrix": [
    [
      8,
      2
    ],
    [
      2,
      27
    ]
  ]
}